travelCosts,improvements,steps,pI,pR,maxCosts
93.36270928741386,0.0,0,0.01,0.0001,2.0
92.66707623470433,10.699523181299728,100,0.01,0.0001,2.0
92.28928600319509,17.48511987139066,200,0.01,0.0001,2.0
91.7519218142311,25.72810232565595,300,0.01,0.0001,2.0
91.22367584341171,33.89608863153714,400,0.01,0.0001,2.0
90.67270370047453,42.005975504076204,500,0.01,0.0001,2.0
90.03556105393994,50.74213147452543,600,0.01,0.0001,2.0
89.47806494804583,59.36662553214689,700,0.01,0.0001,2.0
88.86363590285262,67.61014036563944,800,0.01,0.0001,2.0
88.17660213058475,76.40525228607281,900,0.01,0.0001,2.0
87.56775968270456,85.0294724019017,1000,0.01,0.0001,2.0
87.06427415955126,91.88984420376951,1100,0.01,0.0001,2.0
86.70809057468634,98.87159557715937,1200,0.01,0.0001,2.0
86.15509419657319,106.01254846705743,1300,0.01,0.0001,2.0
85.5974447472853,113.22014046852607,1400,0.01,0.0001,2.0
85.09245920280617,120.382238368987,1500,0.01,0.0001,2.0
84.53494636921805,128.33989654502616,1600,0.01,0.0001,2.0
83.94496730445329,135.3064018632507,1700,0.01,0.0001,2.0
83.36318238829708,142.98381439063405,1800,0.01,0.0001,2.0
83.08994173055171,149.03830551292265,1900,0.01,0.0001,2.0
82.67807863018976,154.36936270295195,2000,0.01,0.0001,2.0
82.00457156023027,161.41819886197496,2100,0.01,0.0001,2.0
81.26668137348632,169.7443264405471,2200,0.01,0.0001,2.0
80.59937868888915,177.45277376462997,2300,0.01,0.0001,2.0
79.88113669087346,186.4521053954973,2400,0.01,0.0001,2.0
79.30814528292339,195.25187591705054,2500,0.01,0.0001,2.0
78.79896995227384,203.82443534512973,2600,0.01,0.0001,2.0
78.13662820976275,212.07335688328465,2700,0.01,0.0001,2.0
77.483553833434,220.78193864777555,2800,0.01,0.0001,2.0
76.65125225994703,229.56702044892987,2900,0.01,0.0001,2.0
75.80432922534119,239.57065001250018,3000,0.01,0.0001,2.0
75.29447537485905,248.3222259026491,3100,0.01,0.0001,2.0
74.51878739622381,256.7670324462704,3200,0.01,0.0001,2.0
74.01990711596946,264.4808977294596,3300,0.01,0.0001,2.0
73.44670831425861,273.0195275499706,3400,0.01,0.0001,2.0
72.95777902044445,281.0590443818259,3500,0.01,0.0001,2.0
72.52262237178503,287.95907257288843,3600,0.01,0.0001,2.0
72.12732899283687,295.01031229516536,3700,0.01,0.0001,2.0
71.6648305040628,302.16634076182635,3800,0.01,0.0001,2.0
71.2447161648656,308.9751909010584,3900,0.01,0.0001,2.0
70.76722822241746,315.8584923969257,4000,0.01,0.0001,2.0
70.3156516343653,322.2806026201618,4100,0.01,0.0001,2.0
70.036935164784,327.97609242562146,4200,0.01,0.0001,2.0
69.69538168503622,334.6608280444076,4300,0.01,0.0001,2.0
69.32062734473763,341.7558674862494,4400,0.01,0.0001,2.0
68.9164327036855,347.95262944748924,4500,0.01,0.0001,2.0
68.45027181466966,355.8676240378659,4600,0.01,0.0001,2.0
67.99346518728987,363.2621504117397,4700,0.01,0.0001,2.0
67.50279556393474,369.7460617798739,4800,0.01,0.0001,2.0
67.19662868977392,374.69813710886024,4900,0.01,0.0001,2.0
66.79266634333024,381.14778693517667,5000,0.01,0.0001,2.0
66.38905416390013,387.4984632753327,5100,0.01,0.0001,2.0
66.18527331428558,391.4872618907569,5200,0.01,0.0001,2.0
65.72368127676125,397.59352938715614,5300,0.01,0.0001,2.0
65.34352019420211,403.327340112345,5400,0.01,0.0001,2.0
65.06073899065343,408.8358247278804,5500,0.01,0.0001,2.0
64.5627243737712,415.88985297133166,5600,0.01,0.0001,2.0
64.15183376222888,423.01827158983656,5700,0.01,0.0001,2.0
63.70142960458457,428.9439528850073,5800,0.01,0.0001,2.0
63.34426754184644,433.6509483151949,5900,0.01,0.0001,2.0
62.80898259635526,439.24395701667174,6000,0.01,0.0001,2.0
62.516887039736744,443.5614808798009,6100,0.01,0.0001,2.0
61.94496644304416,450.11365866869335,6200,0.01,0.0001,2.0
61.40878374627625,456.8978639603308,6300,0.01,0.0001,2.0
60.982132747031805,462.00491624033845,6400,0.01,0.0001,2.0
60.56263878845206,467.9287452951038,6500,0.01,0.0001,2.0
60.21868385540429,473.3396444382936,6600,0.01,0.0001,2.0
59.731823188000554,480.075683147714,6700,0.01,0.0001,2.0
59.19728817005034,487.2316636152066,6800,0.01,0.0001,2.0
58.8278473185734,491.89901587525674,6900,0.01,0.0001,2.0
58.48800744978692,498.5066944133987,7000,0.01,0.0001,2.0
58.17315778212832,504.72885062287975,7100,0.01,0.0001,2.0
57.97358092403025,508.6718752600144,7200,0.01,0.0001,2.0
57.6837189585946,514.2714824525225,7300,0.01,0.0001,2.0
57.39020223579045,520.0381611732822,7400,0.01,0.0001,2.0
56.995799591244584,526.7051386312954,7500,0.01,0.0001,2.0
56.73540342526389,531.9899455622676,7600,0.01,0.0001,2.0
56.52808433460178,536.5733353445069,7700,0.01,0.0001,2.0
56.19427836292641,542.5431924331594,7800,0.01,0.0001,2.0
55.977197071680116,548.2854713285296,7900,0.01,0.0001,2.0
55.7524392760007,552.9859955950362,8000,0.01,0.0001,2.0
55.54607082744233,557.5809215650013,8100,0.01,0.0001,2.0
55.29854729461532,563.2694616715866,8200,0.01,0.0001,2.0
55.17704902783669,567.5173530162718,8300,0.01,0.0001,2.0
54.972729916019965,572.9948377823187,8400,0.01,0.0001,2.0
54.716088138934516,578.577289184461,8500,0.01,0.0001,2.0
54.5489337738808,582.8820551059073,8600,0.01,0.0001,2.0
54.47963590767449,587.0244296186203,8700,0.01,0.0001,2.0
54.35954331556091,590.9186809757765,8800,0.01,0.0001,2.0
54.2136945275718,595.2227889991252,8900,0.01,0.0001,2.0
54.138118800922804,599.2812868200651,9000,0.01,0.0001,2.0
54.03604821493166,603.3353529408171,9100,0.01,0.0001,2.0
53.78600001980093,607.8453507119943,9200,0.01,0.0001,2.0
53.729863692738796,611.8130874526915,9300,0.01,0.0001,2.0
53.58903150581991,615.460306267466,9400,0.01,0.0001,2.0
53.459679752794926,619.301179677145,9500,0.01,0.0001,2.0
53.327684754768626,623.2480077169566,9600,0.01,0.0001,2.0
53.18393492316618,626.0922226782122,9700,0.01,0.0001,2.0
53.121486635354366,629.671157160718,9800,0.01,0.0001,2.0
53.04806548042856,631.9727753979073,9900,0.01,0.0001,2.0
53.099488412318664,634.9883045588438,10000,0.01,0.0001,2.0
52.92597932275573,638.8328163384888,10100,0.01,0.0001,2.0
52.80724583303507,642.6824887278847,10200,0.01,0.0001,2.0
52.75111839163063,645.7790587206766,10300,0.01,0.0001,2.0
52.67465087933016,648.0422407886189,10400,0.01,0.0001,2.0
52.60597341103185,650.6088298439881,10500,0.01,0.0001,2.0
52.610865927414295,653.9021683097576,10600,0.01,0.0001,2.0
52.56583397797167,656.9964592115903,10700,0.01,0.0001,2.0
52.51478916313056,660.1119640766951,10800,0.01,0.0001,2.0
52.3695202202262,663.5825448073799,10900,0.01,0.0001,2.0
52.41685532009718,665.9956099642117,11000,0.01,0.0001,2.0
52.35648906945706,669.0315850425798,11100,0.01,0.0001,2.0
52.2230889401546,672.627836787153,11200,0.01,0.0001,2.0
52.282007121767855,674.4337737108513,11300,0.01,0.0001,2.0
52.282969923782375,676.1308626387379,11400,0.01,0.0001,2.0
52.234211284609756,678.9860807203372,11500,0.01,0.0001,2.0
52.219685119357365,681.0834122964245,11600,0.01,0.0001,2.0
52.21086513850571,682.2309222841657,11700,0.01,0.0001,2.0
52.106620960611146,685.1017524341146,11800,0.01,0.0001,2.0
52.13355865723002,686.905346938526,11900,0.01,0.0001,2.0
52.17760131099697,688.5971142409569,12000,0.01,0.0001,2.0
52.100338033355676,692.0691379558646,12100,0.01,0.0001,2.0
52.03147757795975,693.9342837544054,12200,0.01,0.0001,2.0
52.017235593509255,695.5931056141467,12300,0.01,0.0001,2.0
52.05728084118013,697.4601889717529,12400,0.01,0.0001,2.0
52.04622247524183,699.9574528646889,12500,0.01,0.0001,2.0
52.02128251503461,702.9821414828714,12600,0.01,0.0001,2.0
51.966269530648354,706.0369789171295,12700,0.01,0.0001,2.0
51.98098405149956,707.9928525668709,12800,0.01,0.0001,2.0
51.94076753431012,710.7384757770448,12900,0.01,0.0001,2.0
52.04109166908946,711.8526118175146,13000,0.01,0.0001,2.0
51.933511409695335,714.8771296891848,13100,0.01,0.0001,2.0
51.999597482984356,715.9959406504122,13200,0.01,0.0001,2.0
51.96899603168606,718.7791474679327,13300,0.01,0.0001,2.0
52.064573650598795,717.9719186827344,13400,0.01,0.0001,2.0
51.98583724787585,720.1116280541517,13500,0.01,0.0001,2.0
51.98129670582609,722.2379687621294,13600,0.01,0.0001,2.0
51.96326376685465,722.5510768745328,13700,0.01,0.0001,2.0
51.90975905440634,725.2954987043777,13800,0.01,0.0001,2.0
51.960838196926105,726.9259117185103,13900,0.01,0.0001,2.0
51.93571234684812,729.3370122654491,14000,0.01,0.0001,2.0
51.85079131461763,731.6453423558187,14100,0.01,0.0001,2.0
51.83537425682529,733.9207308681796,14200,0.01,0.0001,2.0
51.82959330135054,735.5528826333399,14300,0.01,0.0001,2.0
51.74294848196426,737.3495288419963,14400,0.01,0.0001,2.0
51.75644240398204,739.01180987809,14500,0.01,0.0001,2.0
51.80238583667211,739.4965238927325,14600,0.01,0.0001,2.0
51.800158164759914,740.9884618537042,14700,0.01,0.0001,2.0
51.805092234078245,742.7364651204439,14800,0.01,0.0001,2.0
51.70988171927422,744.5240838140219,14900,0.01,0.0001,2.0
51.743667650520074,745.6189991416816,15000,0.01,0.0001,2.0
51.74894918775312,746.4733124164648,15100,0.01,0.0001,2.0
51.74401996052577,748.2509562013056,15200,0.01,0.0001,2.0
51.74490314484187,749.4234352770759,15300,0.01,0.0001,2.0
51.68192149742564,750.9463196219336,15400,0.01,0.0001,2.0
51.705199022457194,751.3568351227248,15500,0.01,0.0001,2.0
51.716452844253986,752.9659050208331,15600,0.01,0.0001,2.0
51.676446674827005,753.8059448013676,15700,0.01,0.0001,2.0
51.665124543267275,754.8216949926832,15800,0.01,0.0001,2.0
51.72932476432566,756.7326141265812,15900,0.01,0.0001,2.0
51.66012083326574,758.22193820562,16000,0.01,0.0001,2.0
51.664959934876144,758.870803509725,16100,0.01,0.0001,2.0
51.67238998479034,760.858922754122,16200,0.01,0.0001,2.0
51.56163944618675,763.4543617681525,16300,0.01,0.0001,2.0
51.57214846636004,764.2205879337178,16400,0.01,0.0001,2.0
51.607392985355084,764.9496312991579,16500,0.01,0.0001,2.0
51.56846971970509,766.0492498138128,16600,0.01,0.0001,2.0
51.56910561084896,767.325072797576,16700,0.01,0.0001,2.0
51.624221192440146,768.0798340876037,16800,0.01,0.0001,2.0
51.59724604363459,769.1516396244189,16900,0.01,0.0001,2.0
51.5011940403905,771.5877083450898,17000,0.01,0.0001,2.0
51.52634382987208,772.7622732456018,17100,0.01,0.0001,2.0
51.53753023515113,773.7536826105218,17200,0.01,0.0001,2.0
51.5424462260978,775.148793569742,17300,0.01,0.0001,2.0
51.57619111817575,776.0669079532308,17400,0.01,0.0001,2.0
51.481050828835194,778.2799405749631,17500,0.01,0.0001,2.0
51.49571877155538,779.591651200544,17600,0.01,0.0001,2.0
51.4895144142737,781.1116957931753,17700,0.01,0.0001,2.0
51.4103690217781,783.0226728619693,17800,0.01,0.0001,2.0
51.511326510036525,782.9840273325499,17900,0.01,0.0001,2.0
51.50240903078794,783.9447220925917,18000,0.01,0.0001,2.0
51.463509822535414,785.2281663094643,18100,0.01,0.0001,2.0
51.45262804881215,787.0797737004236,18200,0.01,0.0001,2.0
51.39582246787565,788.9383868323777,18300,0.01,0.0001,2.0
51.373972777620835,789.1695825811288,18400,0.01,0.0001,2.0
51.39568634844987,790.192517284519,18500,0.01,0.0001,2.0
51.384792504428184,791.3261337026391,18600,0.01,0.0001,2.0
51.34898970364505,793.2187638865737,18700,0.01,0.0001,2.0
51.45621706705034,793.0555724890093,18800,0.01,0.0001,2.0
51.432507332741466,794.3253928072694,18900,0.01,0.0001,2.0
51.45692592400207,795.0291565985561,19000,0.01,0.0001,2.0
51.40246844154466,796.705702942036,19100,0.01,0.0001,2.0
51.32867953414682,798.5045110689091,19200,0.01,0.0001,2.0
51.369001357159526,799.5909785245917,19300,0.01,0.0001,2.0
51.401040175357636,799.3092145885032,19400,0.01,0.0001,2.0
51.3914811061701,801.5094312920585,19500,0.01,0.0001,2.0
51.3178521939848,802.6452296893734,19600,0.01,0.0001,2.0
51.304850047741425,803.6474967817187,19700,0.01,0.0001,2.0
51.353989250826665,804.3178009235688,19800,0.01,0.0001,2.0
51.355522089476594,805.2909555061369,19900,0.01,0.0001,2.0
51.32703523572412,806.47040720759,20000,0.01,0.0001,2.0
51.320191828023425,807.7855686139109,20100,0.01,0.0001,2.0
51.29233572089417,808.7204732872075,20200,0.01,0.0001,2.0
51.36954788422758,809.3725093755888,20300,0.01,0.0001,2.0
51.32753150059871,809.8855215437807,20400,0.01,0.0001,2.0
51.34895881023596,810.9231216049515,20500,0.01,0.0001,2.0
51.276015880698075,812.5293422162026,20600,0.01,0.0001,2.0
51.33266893020144,812.7071829140315,20700,0.01,0.0001,2.0
51.27912654659914,815.4133700386437,20800,0.01,0.0001,2.0
51.301717111643384,815.1415307813837,20900,0.01,0.0001,2.0
51.315011600967864,815.3721356940001,21000,0.01,0.0001,2.0
51.2651745377687,817.5185627652847,21100,0.01,0.0001,2.0
51.365266088889975,817.5411071574488,21200,0.01,0.0001,2.0
51.29681049994839,818.6453522153444,21300,0.01,0.0001,2.0
51.216115567892736,819.8037900120332,21400,0.01,0.0001,2.0
51.19702224767632,820.6828495146049,21500,0.01,0.0001,2.0
51.154705086018375,822.3254546109349,21600,0.01,0.0001,2.0
51.184062452570856,822.9133436717781,21700,0.01,0.0001,2.0
51.18378332871628,823.5926976817475,21800,0.01,0.0001,2.0
51.18675630431057,825.1216683957364,21900,0.01,0.0001,2.0
51.19274964510733,825.4426640140814,22000,0.01,0.0001,2.0
51.156023368288466,826.3921245147817,22100,0.01,0.0001,2.0
51.140663525326715,827.557946783139,22200,0.01,0.0001,2.0
51.169368247992224,827.3694151674897,22300,0.01,0.0001,2.0
51.13094280985412,828.9144830837815,22400,0.01,0.0001,2.0
51.09245517897142,830.715211256046,22500,0.01,0.0001,2.0
51.08892928986192,831.2273712402418,22600,0.01,0.0001,2.0
51.134004727708344,830.9931592021078,22700,0.01,0.0001,2.0
51.16320931330892,832.1829688920407,22800,0.01,0.0001,2.0
51.1129845039527,832.9614431025684,22900,0.01,0.0001,2.0
51.03416984498259,834.7124801818636,23000,0.01,0.0001,2.0
51.070948050989266,835.5004686823112,23100,0.01,0.0001,2.0
51.11132253442038,834.7736182056731,23200,0.01,0.0001,2.0
51.12986034339388,836.7375894475481,23300,0.01,0.0001,2.0
51.09845778549477,837.7011495741492,23400,0.01,0.0001,2.0
51.127775190647654,838.2216883257765,23500,0.01,0.0001,2.0
51.07116450961248,839.6831231574945,23600,0.01,0.0001,2.0
51.016778319451596,841.166759505638,23700,0.01,0.0001,2.0
51.01047917086846,842.3574999098298,23800,0.01,0.0001,2.0
51.03604273383709,843.3555610871128,23900,0.01,0.0001,2.0
51.05609566243395,843.784543675301,24000,0.01,0.0001,2.0
51.07063650547531,844.4848281140712,24100,0.01,0.0001,2.0
51.05791713906963,845.2291585866309,24200,0.01,0.0001,2.0
51.05461210067731,846.1313595902556,24300,0.01,0.0001,2.0
51.085503131037754,847.3769951841996,24400,0.01,0.0001,2.0
51.043999956585324,848.932096957464,24500,0.01,0.0001,2.0
51.07071836784905,849.5005167555219,24600,0.01,0.0001,2.0
51.05540029393117,849.8290812870146,24700,0.01,0.0001,2.0
51.057344488679995,850.4376916373519,24800,0.01,0.0001,2.0
51.059010087480125,851.352200717743,24900,0.01,0.0001,2.0
51.00597325172834,851.8910774614701,25000,0.01,0.0001,2.0
51.00244085947179,852.6825530425805,25100,0.01,0.0001,2.0
51.04171312423624,852.7058312459568,25200,0.01,0.0001,2.0
51.00177293921816,854.1069036020576,25300,0.01,0.0001,2.0
51.00529572006348,855.1325919528255,25400,0.01,0.0001,2.0
50.99026792360057,854.8733461730613,25500,0.01,0.0001,2.0
50.96393833390761,856.1259164099074,25600,0.01,0.0001,2.0
51.03976578010736,855.7010471293671,25700,0.01,0.0001,2.0
50.99526719354263,856.9705205908593,25800,0.01,0.0001,2.0
51.00627403545863,857.1338480729521,25900,0.01,0.0001,2.0
50.9732237059606,858.8330850759116,26000,0.01,0.0001,2.0
51.01258447975644,859.185373927615,26100,0.01,0.0001,2.0
51.10813246207471,859.2515186968525,26200,0.01,0.0001,2.0
51.135176863139115,858.9182385028435,26300,0.01,0.0001,2.0
51.028707428100226,860.7037922491035,26400,0.01,0.0001,2.0
51.01813199465698,861.3155380277369,26500,0.01,0.0001,2.0
51.04687337466013,861.990949523559,26600,0.01,0.0001,2.0
50.99681355003395,863.175387056257,26700,0.01,0.0001,2.0
51.001237127802476,864.2419387247965,26800,0.01,0.0001,2.0
51.00578322230049,865.3373501984792,26900,0.01,0.0001,2.0
51.03850168099919,866.2719426673898,27000,0.01,0.0001,2.0
50.904341499133274,867.8065643634245,27100,0.01,0.0001,2.0
51.014122568066,867.018374113348,27200,0.01,0.0001,2.0
50.91796491536202,867.927825840694,27300,0.01,0.0001,2.0
50.918213397200404,868.7413752384639,27400,0.01,0.0001,2.0
50.98897334543861,868.1728621901447,27500,0.01,0.0001,2.0
50.92863952619085,869.5464400076139,27600,0.01,0.0001,2.0
50.925552659548096,871.2195893344011,27700,0.01,0.0001,2.0
50.94535762470413,871.35797228555,27800,0.01,0.0001,2.0
50.90198511591632,872.8449023909305,27900,0.01,0.0001,2.0
50.89722457391295,874.0828197636722,28000,0.01,0.0001,2.0
50.85593959867882,874.9365631024249,28100,0.01,0.0001,2.0
50.89487809227562,875.3284664531651,28200,0.01,0.0001,2.0
50.92667802812208,875.9468031128899,28300,0.01,0.0001,2.0
50.969829000106856,876.0963350523432,28400,0.01,0.0001,2.0
50.914458843370184,877.4096046193977,28500,0.01,0.0001,2.0
50.917513844653755,877.5483739898802,28600,0.01,0.0001,2.0
50.98167687671543,878.6572960669129,28700,0.01,0.0001,2.0
50.87303816276565,880.1029716938112,28800,0.01,0.0001,2.0
50.87923238420109,881.0569778835944,28900,0.01,0.0001,2.0
50.883931801611176,882.3876969286989,29000,0.01,0.0001,2.0
50.85743746335498,882.9369787775811,29100,0.01,0.0001,2.0
50.91946759555209,882.6796108114281,29200,0.01,0.0001,2.0
50.88166989163356,883.4155929375518,29300,0.01,0.0001,2.0
50.90550702210126,883.2962964327198,29400,0.01,0.0001,2.0
50.862409288012074,884.3035239790513,29500,0.01,0.0001,2.0
50.88065910675253,884.9609947913195,29600,0.01,0.0001,2.0
50.81250179587131,886.6191863953964,29700,0.01,0.0001,2.0
50.8816329839655,886.7452879526932,29800,0.01,0.0001,2.0
50.82734533481241,888.0312692715316,29900,0.01,0.0001,2.0
50.84984938238055,889.2437485566079,30000,0.01,0.0001,2.0
50.836464016824905,889.6711146059629,30100,0.01,0.0001,2.0
50.85032634216883,889.466716349941,30200,0.01,0.0001,2.0
50.833748682923115,890.7458511365423,30300,0.01,0.0001,2.0
50.881600467794456,890.4478338516953,30400,0.01,0.0001,2.0
50.8276154412332,890.7289469502058,30500,0.01,0.0001,2.0
50.86680151927858,889.6993391381611,30600,0.01,0.0001,2.0
50.84060332490356,890.9263482801978,30700,0.01,0.0001,2.0
50.82982693763166,892.6737584406014,30800,0.01,0.0001,2.0
50.78080987628994,893.665385552119,30900,0.01,0.0001,2.0
50.8029961486421,893.6572619408946,31000,0.01,0.0001,2.0
50.903394240848904,892.9510282666336,31100,0.01,0.0001,2.0
50.82166418733914,894.0613848161418,31200,0.01,0.0001,2.0
50.811440949238985,893.8606127938922,31300,0.01,0.0001,2.0
50.843568463079684,894.359464501619,31400,0.01,0.0001,2.0
50.8590764789181,894.613554058956,31500,0.01,0.0001,2.0
50.824663554819644,895.357711603705,31600,0.01,0.0001,2.0
50.77529160252233,896.5733844312717,31700,0.01,0.0001,2.0
50.85306779906683,896.8046857403024,31800,0.01,0.0001,2.0
50.821891744184725,897.4668002636458,31900,0.01,0.0001,2.0
50.83984534698026,897.2301572997559,32000,0.01,0.0001,2.0
50.80478012454877,899.0106833436348,32100,0.01,0.0001,2.0
50.770766033086645,900.1956665197945,32200,0.01,0.0001,2.0
50.78686566256267,900.8940944060643,32300,0.01,0.0001,2.0
50.72145391779553,901.2734270066906,32400,0.01,0.0001,2.0
50.78000499886733,900.6771799048715,32500,0.01,0.0001,2.0
50.7352269278488,901.533484351145,32600,0.01,0.0001,2.0
50.71067197454574,902.2780912211758,32700,0.01,0.0001,2.0
50.72844420212153,903.1304947402541,32800,0.01,0.0001,2.0
50.690027135154835,903.8719793820826,32900,0.01,0.0001,2.0
50.749390772687455,904.2279054290055,33000,0.01,0.0001,2.0
50.79705019958562,903.5007362781505,33100,0.01,0.0001,2.0
50.750437433613236,903.9135974009425,33200,0.01,0.0001,2.0
50.74389772112511,905.38891587562,33300,0.01,0.0001,2.0
50.77297180311249,905.3960206500365,33400,0.01,0.0001,2.0
50.678813825903184,907.2412439131368,33500,0.01,0.0001,2.0
50.65491288484327,908.3297641137938,33600,0.01,0.0001,2.0
50.65827755128234,908.7635453338609,33700,0.01,0.0001,2.0
50.67295667318773,909.7023080727297,33800,0.01,0.0001,2.0
50.59584425377773,909.6197505552059,33900,0.01,0.0001,2.0
50.65958560175382,909.8521280996183,34000,0.01,0.0001,2.0
50.66000260661622,910.8049101634797,34100,0.01,0.0001,2.0
50.63098141056124,910.9671370648587,34200,0.01,0.0001,2.0
50.615680123800956,911.4492307408339,34300,0.01,0.0001,2.0
50.66347217151185,912.0348065699388,34400,0.01,0.0001,2.0
50.67254303026377,912.8338982058455,34500,0.01,0.0001,2.0
50.6137057692626,914.4523217554403,34600,0.01,0.0001,2.0
50.66647731936518,914.8780006831968,34700,0.01,0.0001,2.0
50.63330307652608,914.9973566274203,34800,0.01,0.0001,2.0
50.64987369406882,915.2919940643634,34900,0.01,0.0001,2.0
50.64917167629763,915.6887386879009,35000,0.01,0.0001,2.0
50.70264494667807,914.7484374448559,35100,0.01,0.0001,2.0
50.624039759675966,916.2656884785218,35200,0.01,0.0001,2.0
50.67918662142287,916.2510743530522,35300,0.01,0.0001,2.0
50.66156548885453,917.0283634888901,35400,0.01,0.0001,2.0
50.5831031724183,918.6542846305513,35500,0.01,0.0001,2.0
50.61754181177247,917.9045423051994,35600,0.01,0.0001,2.0
50.590640568864394,919.4230251501397,35700,0.01,0.0001,2.0
50.626298127862555,919.8160006929587,35800,0.01,0.0001,2.0
50.58593062194323,920.1066591941363,35900,0.01,0.0001,2.0
50.647539539938144,920.4303754341427,36000,0.01,0.0001,2.0
50.60362428961923,920.6282597577831,36100,0.01,0.0001,2.0
50.53662578645823,922.4952133645592,36200,0.01,0.0001,2.0
50.55013376200149,922.5499092371401,36300,0.01,0.0001,2.0
50.53631076475361,923.2170006735531,36400,0.01,0.0001,2.0
50.53841511348924,923.0554736933739,36500,0.01,0.0001,2.0
50.53044799789993,923.7370369970307,36600,0.01,0.0001,2.0
50.49338541100068,924.5207289054276,36700,0.01,0.0001,2.0
50.52203215651022,925.3424005154174,36800,0.01,0.0001,2.0
50.6567456853849,924.4327993682242,36900,0.01,0.0001,2.0
50.511205318333786,925.7123234970202,37000,0.01,0.0001,2.0
50.563390767260806,925.985496787569,37100,0.01,0.0001,2.0
50.62138127303301,925.701517557434,37200,0.01,0.0001,2.0
50.59254630789416,925.460952118169,37300,0.01,0.0001,2.0
50.58839734038551,926.4928264608235,37400,0.01,0.0001,2.0
50.55984643517451,926.2034387953613,37500,0.01,0.0001,2.0
50.61289084135096,927.1157152890921,37600,0.01,0.0001,2.0
50.56370074986446,927.3596305984188,37700,0.01,0.0001,2.0
50.53630705659965,928.1698054750175,37800,0.01,0.0001,2.0
50.56939520081434,927.962527225079,37900,0.01,0.0001,2.0
50.57512065307904,927.967107065712,38000,0.01,0.0001,2.0
50.550057590888755,928.4321832482728,38100,0.01,0.0001,2.0
50.623657415960466,928.4991212953151,38200,0.01,0.0001,2.0
50.562313299572445,929.7566647170256,38300,0.01,0.0001,2.0
50.52523628403744,930.1815604184441,38400,0.01,0.0001,2.0
50.43428728251035,931.9604748013725,38500,0.01,0.0001,2.0
50.503965483703574,932.1379077105059,38600,0.01,0.0001,2.0
50.452093730985155,932.9206685078244,38700,0.01,0.0001,2.0
50.44660069328927,933.0836077808588,38800,0.01,0.0001,2.0
50.47953885533564,933.3502960308224,38900,0.01,0.0001,2.0
50.490788150320085,933.5576429609355,39000,0.01,0.0001,2.0
50.53599343203017,933.742990896567,39100,0.01,0.0001,2.0
50.523149306929604,933.9034913232595,39200,0.01,0.0001,2.0
50.470676246566704,934.7012621788813,39300,0.01,0.0001,2.0
50.537284729035186,934.4504534886116,39400,0.01,0.0001,2.0
50.492462495324524,935.34130693011,39500,0.01,0.0001,2.0
50.50123293534697,936.1364731779386,39600,0.01,0.0001,2.0
50.50527639956932,936.1688176036122,39700,0.01,0.0001,2.0
50.517382495558834,936.4940134109016,39800,0.01,0.0001,2.0
50.461497558167785,936.7872756628819,39900,0.01,0.0001,2.0
50.55178072922001,936.290728842539,40000,0.01,0.0001,2.0
50.50336491858754,937.6168872018949,40100,0.01,0.0001,2.0
50.49419650399328,937.3109246668245,40200,0.01,0.0001,2.0
50.44742615133407,939.0523245338098,40300,0.01,0.0001,2.0
50.49331823814045,939.3964412680746,40400,0.01,0.0001,2.0
50.4562989698552,939.4906111895615,40500,0.01,0.0001,2.0
50.45616095902331,939.9462431472257,40600,0.01,0.0001,2.0
50.49516746993511,939.7767265014284,40700,0.01,0.0001,2.0
50.45534613997089,940.9588566887918,40800,0.01,0.0001,2.0
50.456671405753426,941.3044906557695,40900,0.01,0.0001,2.0
50.484393513126726,940.9330406558922,41000,0.01,0.0001,2.0
50.42706524028347,942.3347303183464,41100,0.01,0.0001,2.0
50.43312435135486,942.3018889428263,41200,0.01,0.0001,2.0
50.43931311967615,941.9254141782823,41300,0.01,0.0001,2.0
50.43272945223733,942.9216908601384,41400,0.01,0.0001,2.0
50.48504179432898,941.6990547234755,41500,0.01,0.0001,2.0
50.430030737361,942.6502240285822,41600,0.01,0.0001,2.0
50.44844319215098,943.2037675220774,41700,0.01,0.0001,2.0
50.541761515104895,942.4173142987984,41800,0.01,0.0001,2.0
50.4821015245392,943.1061514709295,41900,0.01,0.0001,2.0
50.51217124241279,943.3507617269813,42000,0.01,0.0001,2.0
50.44922952062858,945.3331291443028,42100,0.01,0.0001,2.0
50.44742173125448,945.8023713820764,42200,0.01,0.0001,2.0
50.40767091123942,946.6219353909185,42300,0.01,0.0001,2.0
50.49936986333307,946.5541611144504,42400,0.01,0.0001,2.0
50.426470309434734,947.1037872368352,42500,0.01,0.0001,2.0
50.45074033341447,947.2679285363085,42600,0.01,0.0001,2.0
50.44448536253882,947.248756054546,42700,0.01,0.0001,2.0
50.41666294813409,947.503452353838,42800,0.01,0.0001,2.0
50.44771194128103,947.6409088448232,42900,0.01,0.0001,2.0
50.4548946403736,947.408427129519,43000,0.01,0.0001,2.0
50.51395502420632,947.6935948383812,43100,0.01,0.0001,2.0
50.458210815064305,948.8323300604401,43200,0.01,0.0001,2.0
50.41555164020088,949.6673140987864,43300,0.01,0.0001,2.0
50.44434020662395,949.9515186658707,43400,0.01,0.0001,2.0
50.40682246902741,950.8794501043624,43500,0.01,0.0001,2.0
50.33297448678691,952.054632943298,43600,0.01,0.0001,2.0
50.358376479156846,951.9228544838028,43700,0.01,0.0001,2.0
50.39658665730378,950.8419333220877,43800,0.01,0.0001,2.0
50.42209743853644,950.4369424771351,43900,0.01,0.0001,2.0
50.36864068874664,952.3836942172129,44000,0.01,0.0001,2.0
50.317698110825766,952.6343128495571,44100,0.01,0.0001,2.0
50.33736468526977,953.4580834619917,44200,0.01,0.0001,2.0
50.407609017714044,953.4041803835256,44300,0.01,0.0001,2.0
50.47098108340506,952.1148906644971,44400,0.01,0.0001,2.0
50.3468469515448,953.5305233091821,44500,0.01,0.0001,2.0
50.34547784306852,953.6333872431759,44600,0.01,0.0001,2.0
50.424707181121256,952.8637554345277,44700,0.01,0.0001,2.0
50.394076989713284,953.8457935482832,44800,0.01,0.0001,2.0
50.44356131589348,953.2066163085517,44900,0.01,0.0001,2.0
50.34982728547823,954.5751537262262,45000,0.01,0.0001,2.0
50.38958061884909,954.4650032231684,45100,0.01,0.0001,2.0
50.39065411163084,955.2366313932318,45200,0.01,0.0001,2.0
50.37503900026533,955.981774517919,45300,0.01,0.0001,2.0
50.337713526378806,956.1473029506351,45400,0.01,0.0001,2.0
50.32325496277261,956.666728284038,45500,0.01,0.0001,2.0
50.49280500559684,955.5627160576703,45600,0.01,0.0001,2.0
50.34203342592329,958.0703796744117,45700,0.01,0.0001,2.0
50.34050812012402,958.0640228021872,45800,0.01,0.0001,2.0
50.3415252494084,957.5967096698433,45900,0.01,0.0001,2.0
50.38332988014623,957.4589078285028,46000,0.01,0.0001,2.0
50.417293258399354,957.2692604175279,46100,0.01,0.0001,2.0
50.311286421794236,958.9071314585985,46200,0.01,0.0001,2.0
50.28054743538647,959.8425562036196,46300,0.01,0.0001,2.0
50.29421866231123,959.5885397576444,46400,0.01,0.0001,2.0
50.34204167272922,959.2484562450128,46500,0.01,0.0001,2.0
50.291937235067415,959.5737966851061,46600,0.01,0.0001,2.0
50.32165280811937,959.8248313008744,46700,0.01,0.0001,2.0
50.30721829414355,960.2368227581305,46800,0.01,0.0001,2.0
50.290557691714184,960.9493058680931,46900,0.01,0.0001,2.0
50.309192355251234,960.6608877183131,47000,0.01,0.0001,2.0
50.291525684810566,961.721832305737,47100,0.01,0.0001,2.0
50.26144797946737,962.7815680603192,47200,0.01,0.0001,2.0
50.32013038231848,961.5883659468941,47300,0.01,0.0001,2.0
50.35070154300753,961.8156435149707,47400,0.01,0.0001,2.0
50.31494764295633,961.7590177076273,47500,0.01,0.0001,2.0
50.365705405219565,961.7349512761522,47600,0.01,0.0001,2.0
50.3389056271092,962.6820179114017,47700,0.01,0.0001,2.0
50.30840631347682,963.2450548979664,47800,0.01,0.0001,2.0
50.29047904469278,964.0620278068291,47900,0.01,0.0001,2.0
50.39654440755487,962.6901098503554,48000,0.01,0.0001,2.0
50.3399678992073,962.7024419225927,48100,0.01,0.0001,2.0
50.29788018474847,963.6261978667343,48200,0.01,0.0001,2.0
50.316260912437386,963.4350277174711,48300,0.01,0.0001,2.0
50.34697659132465,964.2226443387542,48400,0.01,0.0001,2.0
50.27670945508298,964.6826812318541,48500,0.01,0.0001,2.0
50.40156356928226,962.6948719817399,48600,0.01,0.0001,2.0
50.324143705093746,962.8338245016953,48700,0.01,0.0001,2.0
50.34171028533587,962.7015147376384,48800,0.01,0.0001,2.0
50.332640327157726,963.9274822845148,48900,0.01,0.0001,2.0
50.239326674676484,964.8149405358433,49000,0.01,0.0001,2.0
50.314367445128454,964.7384688024711,49100,0.01,0.0001,2.0
50.278159604117555,965.9680794953651,49200,0.01,0.0001,2.0
50.282716411161985,965.2953605609626,49300,0.01,0.0001,2.0
50.371446048884444,964.9600614189726,49400,0.01,0.0001,2.0
50.30725542318096,965.5749790121686,49500,0.01,0.0001,2.0
50.241040710724164,966.4034189545922,49600,0.01,0.0001,2.0
50.25312213208685,966.9493304715817,49700,0.01,0.0001,2.0
50.29751065732611,966.1647684008283,49800,0.01,0.0001,2.0
50.175771126262994,967.465125373449,49900,0.01,0.0001,2.0
50.23352763835563,967.5477518170255,50000,0.01,0.0001,2.0
50.14471105935282,967.8932913441434,50100,0.01,0.0001,2.0
50.174438326698436,968.0439747493211,50200,0.01,0.0001,2.0
50.14709701214466,968.8259801902161,50300,0.01,0.0001,2.0
50.148506977385104,969.751793103632,50400,0.01,0.0001,2.0
50.2478357095512,968.5756637564652,50500,0.01,0.0001,2.0
50.173811237690906,969.9178744422044,50600,0.01,0.0001,2.0
50.19251023987741,969.4642002658097,50700,0.01,0.0001,2.0
50.255565602916654,970.1121607360813,50800,0.01,0.0001,2.0
50.237617155261596,970.4002208350089,50900,0.01,0.0001,2.0
50.22805487057731,970.3486868161538,51000,0.01,0.0001,2.0
50.18965352063687,971.0116250695165,51100,0.01,0.0001,2.0
50.196905870040155,971.0270941087476,51200,0.01,0.0001,2.0
50.170579081488874,971.1051732852135,51300,0.01,0.0001,2.0
50.232789244905135,971.1595392388497,51400,0.01,0.0001,2.0
50.225382539096145,971.2215016390022,51500,0.01,0.0001,2.0
50.22966977146303,971.7214416521558,51600,0.01,0.0001,2.0
50.229291684099884,971.9102864239045,51700,0.01,0.0001,2.0
50.26122953005066,971.6817529336447,51800,0.01,0.0001,2.0
50.25558575504261,971.8905763742516,51900,0.01,0.0001,2.0
50.17840402388938,973.1552342582754,52000,0.01,0.0001,2.0
50.15955121623699,973.6924653575536,52100,0.01,0.0001,2.0
50.14986222693115,973.7757119594045,52200,0.01,0.0001,2.0
50.130825108482824,975.0577445422139,52300,0.01,0.0001,2.0
50.12555084128996,974.3687947074309,52400,0.01,0.0001,2.0
50.14761910018306,973.9184857638434,52500,0.01,0.0001,2.0
50.192681746044855,973.800241808713,52600,0.01,0.0001,2.0
50.20243102973757,974.1556055370611,52700,0.01,0.0001,2.0
50.161119778741934,975.2191915091555,52800,0.01,0.0001,2.0
50.18056452099845,975.3307527832499,52900,0.01,0.0001,2.0
50.349479156566346,972.6272100867421,53000,0.01,0.0001,2.0
50.272861795436995,972.5756647770797,53100,0.01,0.0001,2.0
50.24091916752859,973.3420632620634,53200,0.01,0.0001,2.0
50.244801805417154,974.6587900945394,53300,0.01,0.0001,2.0
50.172879762606954,975.9326313250087,53400,0.01,0.0001,2.0
50.19138214618985,975.4973466944987,53500,0.01,0.0001,2.0
50.135511556949766,976.2730610181186,53600,0.01,0.0001,2.0
50.217934547475934,975.6335918637176,53700,0.01,0.0001,2.0
50.17274832157354,974.8554266877205,53800,0.01,0.0001,2.0
50.21912388182065,974.2163774292626,53900,0.01,0.0001,2.0
50.18180116738133,974.2925126309957,54000,0.01,0.0001,2.0
50.15719912255018,975.3229804892303,54100,0.01,0.0001,2.0
50.19819106401579,974.7183781603452,54200,0.01,0.0001,2.0
50.12990918462636,975.5657160795524,54300,0.01,0.0001,2.0
50.2171401342963,974.4830132045682,54400,0.01,0.0001,2.0
50.2363964195705,974.3748922430807,54500,0.01,0.0001,2.0
50.2483854294447,974.4621816137662,54600,0.01,0.0001,2.0
50.29366138113495,974.4788771891377,54700,0.01,0.0001,2.0
50.33248425630838,973.5536777051447,54800,0.01,0.0001,2.0
50.231859518993396,974.6790428326377,54900,0.01,0.0001,2.0
50.209532255988506,974.5709285672128,55000,0.01,0.0001,2.0
50.265808190941556,974.1260429565343,55100,0.01,0.0001,2.0
50.27390085595204,974.3164710105422,55200,0.01,0.0001,2.0
50.28337464294487,973.5706842146081,55300,0.01,0.0001,2.0
50.19479814606659,975.6175369831237,55400,0.01,0.0001,2.0
50.24767245729292,974.784320289978,55500,0.01,0.0001,2.0
50.16664724297389,975.3745440161106,55600,0.01,0.0001,2.0
50.11401791324567,977.0491445902742,55700,0.01,0.0001,2.0
50.172514240593024,976.9075619764174,55800,0.01,0.0001,2.0
50.08722124858535,977.5005338199618,55900,0.01,0.0001,2.0
50.14195970050093,977.4586970486724,56000,0.01,0.0001,2.0
50.16027909833934,976.587484977935,56100,0.01,0.0001,2.0
50.20180602757584,975.3177389774014,56200,0.01,0.0001,2.0
50.22362742127237,974.6127631718693,56300,0.01,0.0001,2.0
50.21299739763138,974.2479746970546,56400,0.01,0.0001,2.0
50.176326458682915,974.9814637083467,56500,0.01,0.0001,2.0
50.14502004803851,976.0844597088378,56600,0.01,0.0001,2.0
50.10677219211284,977.1283486613878,56700,0.01,0.0001,2.0
50.07301247358953,978.8866992732088,56800,0.01,0.0001,2.0
50.066164659838485,979.7598571267023,56900,0.01,0.0001,2.0
50.02830438185291,980.4758721381538,57000,0.01,0.0001,2.0
50.013068879149046,980.803515233895,57100,0.01,0.0001,2.0
50.089004743783526,980.0307582883465,57200,0.01,0.0001,2.0
50.041006405568545,980.0770388064464,57300,0.01,0.0001,2.0
50.042639816700984,980.4430829405768,57400,0.01,0.0001,2.0
50.11707221074202,978.7286281212574,57500,0.01,0.0001,2.0
50.1477858581921,978.1815400970838,57600,0.01,0.0001,2.0
50.08411458269922,979.5667248885003,57700,0.01,0.0001,2.0
50.09605311566774,979.7019355400803,57800,0.01,0.0001,2.0
50.12753053475665,978.9758934171016,57900,0.01,0.0001,2.0
50.092344199128455,981.0784234997584,58000,0.01,0.0001,2.0
50.08269239911043,980.8821620003939,58100,0.01,0.0001,2.0
50.030320871801194,981.941549935719,58200,0.01,0.0001,2.0
50.03830786193497,982.4680246004625,58300,0.01,0.0001,2.0
50.03097285722778,983.2238561797592,58400,0.01,0.0001,2.0
49.923579803463966,984.1306960439497,58500,0.01,0.0001,2.0
49.954096761966774,983.8729185309637,58600,0.01,0.0001,2.0
49.93902053147524,983.4702504103122,58700,0.01,0.0001,2.0
49.936818368429606,983.994327296544,58800,0.01,0.0001,2.0
49.95205209240233,983.9784363314573,58900,0.01,0.0001,2.0
49.982677849389994,984.2343362015577,59000,0.01,0.0001,2.0
49.92616759875557,984.4244546315124,59100,0.01,0.0001,2.0
49.90709143882729,985.4417704134868,59200,0.01,0.0001,2.0
49.95681545163352,985.8277628267238,59300,0.01,0.0001,2.0
49.88505707581498,986.5468967824052,59400,0.01,0.0001,2.0
49.90095039655554,986.6339215053993,59500,0.01,0.0001,2.0
49.92588240753704,985.8495214580332,59600,0.01,0.0001,2.0
49.92959734274734,986.5455663005221,59700,0.01,0.0001,2.0
49.94608129737983,986.9569597900522,59800,0.01,0.0001,2.0
49.983138054388355,985.9096774940771,59900,0.01,0.0001,2.0
50.01602288382877,986.0595995102881,60000,0.01,0.0001,2.0
49.96525093069014,986.6474314181573,60100,0.01,0.0001,2.0
50.05154355093486,985.6926112524686,60200,0.01,0.0001,2.0
50.034982711957554,985.6567778535764,60300,0.01,0.0001,2.0
49.98967766896545,986.3629846632102,60400,0.01,0.0001,2.0
49.94968613835341,986.9732989091203,60500,0.01,0.0001,2.0
49.94855347459471,987.6262125642634,60600,0.01,0.0001,2.0
49.97958342383785,987.6310407500309,60700,0.01,0.0001,2.0
49.923669280835256,988.2740120426703,60800,0.01,0.0001,2.0
49.92928480899708,988.9935076936498,60900,0.01,0.0001,2.0
49.91368795516224,988.7346945607921,61000,0.01,0.0001,2.0
49.91981221592211,988.4210219915689,61100,0.01,0.0001,2.0
49.952325092647655,988.2931448909591,61200,0.01,0.0001,2.0
50.03697720597222,987.7243034393196,61300,0.01,0.0001,2.0
49.95174208542112,989.2178625278627,61400,0.01,0.0001,2.0
49.98387373330945,988.8124411545772,61500,0.01,0.0001,2.0
49.944445214780465,988.9669176388657,61600,0.01,0.0001,2.0
49.94884079595646,990.1103312879612,61700,0.01,0.0001,2.0
49.99049057095425,989.2154577560148,61800,0.01,0.0001,2.0
49.9216230514232,989.6709103606232,61900,0.01,0.0001,2.0
49.90094417514552,990.2406590189858,62000,0.01,0.0001,2.0
49.9759548018987,990.1654979320945,62100,0.01,0.0001,2.0
50.008469420493306,989.4336438242672,62200,0.01,0.0001,2.0
49.884073569467674,989.8345813453117,62300,0.01,0.0001,2.0
49.92683962171771,989.517445089733,62400,0.01,0.0001,2.0
49.86599479722279,990.9343845696591,62500,0.01,0.0001,2.0
49.825341920010246,991.0543361901198,62600,0.01,0.0001,2.0
49.8682620811135,990.7510935214076,62700,0.01,0.0001,2.0
49.89963535529202,990.1052626284358,62800,0.01,0.0001,2.0
49.873132673131494,990.6141128328529,62900,0.01,0.0001,2.0
49.918044462015786,989.9445732406416,63000,0.01,0.0001,2.0
49.90811356213831,989.833072845614,63100,0.01,0.0001,2.0
49.96103661915391,989.5906846726748,63200,0.01,0.0001,2.0
49.88739308274374,990.606148364561,63300,0.01,0.0001,2.0
49.90802307989143,990.3988483544092,63400,0.01,0.0001,2.0
50.0090608488013,990.2317453896903,63500,0.01,0.0001,2.0
50.03234239285757,989.0478082042173,63600,0.01,0.0001,2.0
49.98345891415228,989.4677852790418,63700,0.01,0.0001,2.0
49.99207980192248,990.2014152014624,63800,0.01,0.0001,2.0
49.952199187825066,990.5995027685913,63900,0.01,0.0001,2.0
49.95953311792958,990.5945979352049,64000,0.01,0.0001,2.0
49.923534831528805,991.710825805277,64100,0.01,0.0001,2.0
49.935312488698806,989.6726954403525,64200,0.01,0.0001,2.0
49.86480025897691,989.61359142983,64300,0.01,0.0001,2.0
49.96038623058145,989.7786279253985,64400,0.01,0.0001,2.0
49.951804806784224,989.254484937235,64500,0.01,0.0001,2.0
49.94956006735926,989.1125128752379,64600,0.01,0.0001,2.0
49.97889930200348,989.0287862225341,64700,0.01,0.0001,2.0
49.95817037422473,989.7989950192687,64800,0.01,0.0001,2.0
49.86330466401678,990.8391597081063,64900,0.01,0.0001,2.0
49.88917889614385,990.7602105750984,65000,0.01,0.0001,2.0
49.879337870577245,990.578173198438,65100,0.01,0.0001,2.0
49.87453856537114,991.7224678059085,65200,0.01,0.0001,2.0
50.01239729816601,990.7052885896327,65300,0.01,0.0001,2.0
49.882772618215434,991.8133182529276,65400,0.01,0.0001,2.0
49.88535355552394,992.0186390408305,65500,0.01,0.0001,2.0
49.905494543832226,991.7669051664566,65600,0.01,0.0001,2.0
49.85681680824198,992.2276294013351,65700,0.01,0.0001,2.0
49.953673499711535,991.1214328780525,65800,0.01,0.0001,2.0
49.87160920034218,992.1736941832024,65900,0.01,0.0001,2.0
49.92888170677192,991.2581070521792,66000,0.01,0.0001,2.0
49.902280491103284,990.8383102382008,66100,0.01,0.0001,2.0
49.83621327763132,991.2208991557875,66200,0.01,0.0001,2.0
49.8519321207098,992.2359888774621,66300,0.01,0.0001,2.0
49.91816394964252,992.3994841840183,66400,0.01,0.0001,2.0
49.85518532887136,992.7667848042363,66500,0.01,0.0001,2.0
49.84954653643236,992.7779909895476,66600,0.01,0.0001,2.0
49.870827709585726,992.9794217721521,66700,0.01,0.0001,2.0
49.852077409293734,992.3542491455553,66800,0.01,0.0001,2.0
49.84762596019299,992.9497049656475,66900,0.01,0.0001,2.0
49.896175448684964,992.8877930778142,67000,0.01,0.0001,2.0
49.85565990593501,992.8611887122875,67100,0.01,0.0001,2.0
49.88823155905588,992.725897832845,67200,0.01,0.0001,2.0
49.818793970773946,993.7174641532788,67300,0.01,0.0001,2.0
49.83705345655876,993.0476917290866,67400,0.01,0.0001,2.0
49.86976130758752,992.5161693980522,67500,0.01,0.0001,2.0
49.863173156587656,992.8653942101959,67600,0.01,0.0001,2.0
49.83578963375002,992.9443612167017,67700,0.01,0.0001,2.0
49.98703908373186,990.5551816976978,67800,0.01,0.0001,2.0
49.84852071603661,992.4638522890436,67900,0.01,0.0001,2.0
49.85521508602443,992.7150554420793,68000,0.01,0.0001,2.0
49.909133295129394,991.8460788015426,68100,0.01,0.0001,2.0
49.8352648707477,992.3741712050074,68200,0.01,0.0001,2.0
49.92785539722359,991.5764990897876,68300,0.01,0.0001,2.0
49.950471166775365,991.6002636479261,68400,0.01,0.0001,2.0
49.946609984634286,992.1660611496386,68500,0.01,0.0001,2.0
49.88125297747576,993.2047348616338,68600,0.01,0.0001,2.0
49.86785062973393,993.7365492847914,68700,0.01,0.0001,2.0
49.91753164828898,993.8374188727043,68800,0.01,0.0001,2.0
49.89959526864871,994.6915732071081,68900,0.01,0.0001,2.0
49.87022484095798,994.1715222213086,69000,0.01,0.0001,2.0
49.906955390027136,994.3806563648523,69100,0.01,0.0001,2.0
49.93610692570924,994.303896851368,69200,0.01,0.0001,2.0
49.90033354479424,994.8702466455467,69300,0.01,0.0001,2.0
49.901797324546415,995.0850696854142,69400,0.01,0.0001,2.0
49.89002236338709,994.3039574038316,69500,0.01,0.0001,2.0
49.85648143367651,995.416351333538,69600,0.01,0.0001,2.0
49.83199956388655,995.7158729504645,69700,0.01,0.0001,2.0
49.816593250750216,995.7400427538067,69800,0.01,0.0001,2.0
49.82235495079101,996.4255857336295,69900,0.01,0.0001,2.0
49.825390329921824,996.6878351256219,70000,0.01,0.0001,2.0
49.80961040781346,997.1052725125805,70100,0.01,0.0001,2.0
49.83799440494793,996.8165229107207,70200,0.01,0.0001,2.0
49.90679112273958,995.3894241208029,70300,0.01,0.0001,2.0
49.94540886108699,994.6876525675841,70400,0.01,0.0001,2.0
49.84405263198174,996.5288325896604,70500,0.01,0.0001,2.0
49.86132861367612,997.1524494581828,70600,0.01,0.0001,2.0
49.78940934750395,997.9398154662173,70700,0.01,0.0001,2.0
49.80635998606435,997.6948011852496,70800,0.01,0.0001,2.0
49.76791558710036,998.1524358405177,70900,0.01,0.0001,2.0
49.8080955591069,997.3618071115286,71000,0.01,0.0001,2.0
49.87456147336149,995.8838214109704,71100,0.01,0.0001,2.0
49.83213816001114,996.4905677920303,71200,0.01,0.0001,2.0
49.86554073621702,997.0732830337129,71300,0.01,0.0001,2.0
49.842385126656254,997.1355645948702,71400,0.01,0.0001,2.0
49.84540197429078,997.986225432563,71500,0.01,0.0001,2.0
49.81426554713218,998.4735523874816,71600,0.01,0.0001,2.0
49.77670245379613,998.9085563784954,71700,0.01,0.0001,2.0
49.78374777802046,999.0438484415014,71800,0.01,0.0001,2.0
49.78348508038485,999.4627837760578,71900,0.01,0.0001,2.0
49.764263801856174,999.9370018786865,72000,0.01,0.0001,2.0
49.83616615095815,998.5847824263751,72100,0.01,0.0001,2.0
49.789406938651354,999.2958774766636,72200,0.01,0.0001,2.0
49.774899355762024,999.9103502264461,72300,0.01,0.0001,2.0
49.80225078233724,999.3244326733359,72400,0.01,0.0001,2.0
49.79799498391468,999.8775802239533,72500,0.01,0.0001,2.0
49.77288450747162,1000.2138537126132,72600,0.01,0.0001,2.0
49.768027721621486,1000.0671374491048,72700,0.01,0.0001,2.0
49.79280838569361,1000.8045788133915,72800,0.01,0.0001,2.0
49.810277419181645,999.9047502032702,72900,0.01,0.0001,2.0
49.77481581921312,1000.6556348790316,73000,0.01,0.0001,2.0
49.807405230153705,999.9774564099814,73100,0.01,0.0001,2.0
49.78281114078781,999.9491209151529,73200,0.01,0.0001,2.0
49.81674317296656,1000.0601534385166,73300,0.01,0.0001,2.0
49.88366148441648,999.0299429050565,73400,0.01,0.0001,2.0
49.81113686959258,1000.3747400922293,73500,0.01,0.0001,2.0
49.83883423673741,1000.5942173478663,73600,0.01,0.0001,2.0
49.83925784923425,1000.7818264407762,73700,0.01,0.0001,2.0
49.76941454460079,1001.5995972448982,73800,0.01,0.0001,2.0
49.720149013249184,1002.3256500002364,73900,0.01,0.0001,2.0
49.77417195012344,1001.0258916885629,74000,0.01,0.0001,2.0
49.76781103238016,1002.6325846972645,74100,0.01,0.0001,2.0
49.68057259145132,1003.105100955387,74200,0.01,0.0001,2.0
49.72147441759589,1003.3589433312875,74300,0.01,0.0001,2.0
49.774494997352186,1002.5905441258687,74400,0.01,0.0001,2.0
49.74486822434373,1003.4862795933841,74500,0.01,0.0001,2.0
49.74582560267077,1002.6303735712064,74600,0.01,0.0001,2.0
49.79330743463395,1002.2963948776849,74700,0.01,0.0001,2.0
49.834048483664276,1002.014462425092,74800,0.01,0.0001,2.0
49.761784885096475,1003.0727076398475,74900,0.01,0.0001,2.0
49.72194762367626,1003.7264501465836,75000,0.01,0.0001,2.0
49.783701321418874,1003.2963682753582,75100,0.01,0.0001,2.0
49.80204708514702,1003.3668554222099,75200,0.01,0.0001,2.0
49.8126085459571,1003.3546296094623,75300,0.01,0.0001,2.0
49.84366110905028,1003.0362362228765,75400,0.01,0.0001,2.0
49.80206567114113,1003.6941685453014,75500,0.01,0.0001,2.0
49.79777224174284,1003.4672207219346,75600,0.01,0.0001,2.0
49.846341835350806,1004.0221723703612,75700,0.01,0.0001,2.0
49.84718430555726,1003.8297748363346,75800,0.01,0.0001,2.0
49.8670235770988,1002.8027692679242,75900,0.01,0.0001,2.0
49.86314133925999,1002.1531096997244,76000,0.01,0.0001,2.0
49.83334660715735,1004.0433425198983,76100,0.01,0.0001,2.0
49.85381199730227,1003.782429994688,76200,0.01,0.0001,2.0
49.89272830038169,1003.5415039327887,76300,0.01,0.0001,2.0
49.76491008547794,1005.6585477173633,76400,0.01,0.0001,2.0
49.849962003988125,1003.9879399552826,76500,0.01,0.0001,2.0
49.87456934292026,1004.5738508731666,76600,0.01,0.0001,2.0
49.79727735642086,1005.2625422944843,76700,0.01,0.0001,2.0
49.84008639406844,1005.0581219063886,76800,0.01,0.0001,2.0
49.76105526779042,1006.0450594353103,76900,0.01,0.0001,2.0
49.737629930281905,1007.2441683954767,77000,0.01,0.0001,2.0
49.7034887001111,1007.7436836380882,77100,0.01,0.0001,2.0
49.74352532923274,1008.0681496315121,77200,0.01,0.0001,2.0
49.75357006976416,1007.5908090769464,77300,0.01,0.0001,2.0
49.77973941925326,1007.7660984584231,77400,0.01,0.0001,2.0
49.69311262224368,1008.5135411916282,77500,0.01,0.0001,2.0
49.773658884177365,1007.512672660259,77600,0.01,0.0001,2.0
49.740585565072394,1007.6657567397208,77700,0.01,0.0001,2.0
49.70448244605351,1008.2587788764008,77800,0.01,0.0001,2.0
49.69915508209279,1008.9589887848814,77900,0.01,0.0001,2.0
49.685292850393466,1010.6730790440452,78000,0.01,0.0001,2.0
49.765656716955256,1009.4043030716564,78100,0.01,0.0001,2.0
49.70287080644525,1010.1275732106973,78200,0.01,0.0001,2.0
49.71907924708809,1009.4784135407563,78300,0.01,0.0001,2.0
49.74247729226557,1009.6422246592745,78400,0.01,0.0001,2.0
49.71761213960983,1009.3227628071434,78500,0.01,0.0001,2.0
49.692613703528544,1009.2560196004583,78600,0.01,0.0001,2.0
49.71573519075166,1009.7321332775023,78700,0.01,0.0001,2.0
49.71578169428389,1010.1618128524447,78800,0.01,0.0001,2.0
49.70982071373108,1010.2010913959296,78900,0.01,0.0001,2.0
49.74772860706873,1009.3465042230089,79000,0.01,0.0001,2.0
49.68528378770328,1010.9002621815266,79100,0.01,0.0001,2.0
49.71268569387128,1009.8715869230803,79200,0.01,0.0001,2.0
49.68710417309777,1009.9836412766649,79300,0.01,0.0001,2.0
49.65548844492328,1010.4224497062627,79400,0.01,0.0001,2.0
49.72574557915346,1010.3582864763619,79500,0.01,0.0001,2.0
49.72942324313428,1010.6364083491317,79600,0.01,0.0001,2.0
49.65890202306763,1011.3853561837561,79700,0.01,0.0001,2.0
49.70172163516882,1010.1954944939898,79800,0.01,0.0001,2.0
49.69228051140978,1009.7990056481416,79900,0.01,0.0001,2.0
49.68213449865057,1009.3830168178781,80000,0.01,0.0001,2.0
49.64690696202412,1010.6282505549054,80100,0.01,0.0001,2.0
49.73400425074066,1010.3544344130767,80200,0.01,0.0001,2.0
49.745230207152055,1011.272532684292,80300,0.01,0.0001,2.0
49.67068633177875,1011.776396982051,80400,0.01,0.0001,2.0
49.66332101862588,1012.8162390974229,80500,0.01,0.0001,2.0
49.65736635964758,1012.122828080735,80600,0.01,0.0001,2.0
49.711197298918485,1012.3687278659544,80700,0.01,0.0001,2.0
49.727801713068025,1011.6608950948726,80800,0.01,0.0001,2.0
49.60536565375722,1012.5447685070864,80900,0.01,0.0001,2.0
49.67641407513596,1011.8583520367514,81000,0.01,0.0001,2.0
49.749923955044565,1011.3724128446521,81100,0.01,0.0001,2.0
49.63128820231629,1012.7813253849804,81200,0.01,0.0001,2.0
49.629244541445416,1013.8117261738839,81300,0.01,0.0001,2.0
49.665322903012594,1012.6240483917923,81400,0.01,0.0001,2.0
49.697280007323926,1012.2341026836522,81500,0.01,0.0001,2.0
49.624275831883025,1012.575803579014,81600,0.01,0.0001,2.0
49.64484660641665,1011.9438363065442,81700,0.01,0.0001,2.0
49.633418679820494,1012.0222200936237,81800,0.01,0.0001,2.0
49.622182143773344,1013.0494734113738,81900,0.01,0.0001,2.0
49.688106548213746,1012.5919888363126,82000,0.01,0.0001,2.0
49.64824293615555,1013.2278104290958,82100,0.01,0.0001,2.0
49.68029743749808,1012.7413504645966,82200,0.01,0.0001,2.0
49.76180981659639,1011.7860606709594,82300,0.01,0.0001,2.0
49.736230472724394,1012.429112822047,82400,0.01,0.0001,2.0
49.71559193230309,1012.6539750873317,82500,0.01,0.0001,2.0
49.699856357957955,1013.1600096681098,82600,0.01,0.0001,2.0
49.73180748950712,1012.3096801584097,82700,0.01,0.0001,2.0
49.822785936972394,1011.2573543641635,82800,0.01,0.0001,2.0
49.752183291394914,1012.6991165799496,82900,0.01,0.0001,2.0
49.70336709992747,1013.2179184166607,83000,0.01,0.0001,2.0
49.685370507298394,1013.8346260776332,83100,0.01,0.0001,2.0
49.696777221295896,1015.3764893873891,83200,0.01,0.0001,2.0
49.7199631326803,1014.4276865506159,83300,0.01,0.0001,2.0
49.696057279192345,1013.9688975453378,83400,0.01,0.0001,2.0
49.72619041747863,1013.3677207100088,83500,0.01,0.0001,2.0
49.68116150561455,1013.8102317377646,83600,0.01,0.0001,2.0
49.72607037111592,1013.7295651427745,83700,0.01,0.0001,2.0
49.74732821833487,1012.0175022539353,83800,0.01,0.0001,2.0
49.71929219751315,1012.0303950105616,83900,0.01,0.0001,2.0
49.753638712524904,1012.0222296709806,84000,0.01,0.0001,2.0
49.71248664672611,1012.5761404756465,84100,0.01,0.0001,2.0
49.75446340850033,1013.0450318123555,84200,0.01,0.0001,2.0
49.73432536094525,1012.1812814104067,84300,0.01,0.0001,2.0
49.81114444540301,1010.2721218598239,84400,0.01,0.0001,2.0
49.905273311311724,1009.7444493176251,84500,0.01,0.0001,2.0
49.80418202890882,1010.7857928450603,84600,0.01,0.0001,2.0
49.734964583730005,1011.3455276113352,84700,0.01,0.0001,2.0
49.773154164800495,1011.3853541791577,84800,0.01,0.0001,2.0
49.727042288339746,1012.8147911163276,84900,0.01,0.0001,2.0
49.65627777886781,1013.4759450692413,85000,0.01,0.0001,2.0
49.770873849082726,1012.3893346901862,85100,0.01,0.0001,2.0
49.80557918749467,1012.6871524255653,85200,0.01,0.0001,2.0
49.743114662521656,1013.9637350424908,85300,0.01,0.0001,2.0
49.75913172189746,1013.7421156539615,85400,0.01,0.0001,2.0
49.699868524739585,1014.7245998275629,85500,0.01,0.0001,2.0
49.711592010424255,1015.7968116567316,85600,0.01,0.0001,2.0
49.66141814241286,1015.9668851714775,85700,0.01,0.0001,2.0
49.630805440668155,1016.6310849000995,85800,0.01,0.0001,2.0
49.730139645162346,1015.809360023887,85900,0.01,0.0001,2.0
49.66367412511554,1016.1657215229183,86000,0.01,0.0001,2.0
49.65498859018972,1017.1383643552485,86100,0.01,0.0001,2.0
49.64083611971421,1016.9386731514228,86200,0.01,0.0001,2.0
49.64703739224845,1017.8255394679816,86300,0.01,0.0001,2.0
49.624392376828766,1018.0618959110499,86400,0.01,0.0001,2.0
49.635716229075015,1016.9975262972296,86500,0.01,0.0001,2.0
49.60298181859018,1016.951556789408,86600,0.01,0.0001,2.0
49.60526409030685,1017.8353123980773,86700,0.01,0.0001,2.0
49.582970014212705,1017.2298307516076,86800,0.01,0.0001,2.0
49.630648272274456,1016.8821777135612,86900,0.01,0.0001,2.0
49.64013735425834,1017.7467018582886,87000,0.01,0.0001,2.0
49.68917717573704,1017.4629225664944,87100,0.01,0.0001,2.0
49.675899514530364,1018.1211278552032,87200,0.01,0.0001,2.0
49.66792818421884,1018.1590121498597,87300,0.01,0.0001,2.0
49.63160492249713,1018.8827597392933,87400,0.01,0.0001,2.0
49.606810346017575,1019.3933518385459,87500,0.01,0.0001,2.0
49.58785289313999,1019.2701905286833,87600,0.01,0.0001,2.0
49.62016597190917,1018.8838061345177,87700,0.01,0.0001,2.0
49.58825346280165,1019.4831161163397,87800,0.01,0.0001,2.0
49.54080121541692,1020.5227408235498,87900,0.01,0.0001,2.0
49.58027360393515,1020.6936215495255,88000,0.01,0.0001,2.0
49.512973976411104,1021.51604314213,88100,0.01,0.0001,2.0
49.490168850463405,1021.2399035232381,88200,0.01,0.0001,2.0
49.56058022753545,1020.9030026322885,88300,0.01,0.0001,2.0
49.56426206894948,1020.7574371808757,88400,0.01,0.0001,2.0
49.53750291510179,1020.505123903888,88500,0.01,0.0001,2.0
49.57201055151535,1020.2319960298772,88600,0.01,0.0001,2.0
49.5970653289849,1020.0667815142633,88700,0.01,0.0001,2.0
49.621053595039214,1020.0873819663709,88800,0.01,0.0001,2.0
49.59573512034771,1020.7271484727439,88900,0.01,0.0001,2.0
49.57616316812015,1020.4754728882776,89000,0.01,0.0001,2.0
49.55955498057097,1021.0490838656824,89100,0.01,0.0001,2.0
49.67320242397725,1018.8876358177635,89200,0.01,0.0001,2.0
49.7218136115408,1018.9444374200875,89300,0.01,0.0001,2.0
49.77234337743019,1018.4772784787237,89400,0.01,0.0001,2.0
49.57424743580745,1020.735639263652,89500,0.01,0.0001,2.0
49.61232794386563,1021.2138645859638,89600,0.01,0.0001,2.0
49.55535332157914,1021.9636137161358,89700,0.01,0.0001,2.0
49.59836428802897,1021.7524470987987,89800,0.01,0.0001,2.0
49.59274363473012,1022.3674047087659,89900,0.01,0.0001,2.0
49.594349781913046,1021.0079636356436,90000,0.01,0.0001,2.0
49.51123570932342,1022.0693116148088,90100,0.01,0.0001,2.0
49.55480345385951,1021.8154543033226,90200,0.01,0.0001,2.0
49.59496436984483,1021.5311627058563,90300,0.01,0.0001,2.0
49.52314435509898,1022.4961062409462,90400,0.01,0.0001,2.0
49.49545335746159,1023.0018717015191,90500,0.01,0.0001,2.0
49.53934498285863,1022.2396671607248,90600,0.01,0.0001,2.0
49.59446977800276,1021.5842875614342,90700,0.01,0.0001,2.0
49.580355844491116,1020.6947307875033,90800,0.01,0.0001,2.0
49.5819866193156,1019.9522259404403,90900,0.01,0.0001,2.0
49.61422283576634,1019.9898345925674,91000,0.01,0.0001,2.0
49.51366237202077,1022.2507119078354,91100,0.01,0.0001,2.0
49.572959817169576,1023.0168432806413,91200,0.01,0.0001,2.0
49.59805097125345,1022.2903443789717,91300,0.01,0.0001,2.0
49.49529861114952,1023.0593268040988,91400,0.01,0.0001,2.0
49.576896491956106,1022.3963592424875,91500,0.01,0.0001,2.0
49.540215838515444,1022.4563990504486,91600,0.01,0.0001,2.0
49.56250176126991,1022.4416692680079,91700,0.01,0.0001,2.0
49.611210145080896,1021.9260183885474,91800,0.01,0.0001,2.0
49.577531746734316,1022.4000616957672,91900,0.01,0.0001,2.0
49.56113246374537,1023.1550470379229,92000,0.01,0.0001,2.0
49.57711083814971,1023.6677985649346,92100,0.01,0.0001,2.0
49.626725030120845,1022.9501280079519,92200,0.01,0.0001,2.0
49.588259986716444,1022.5196312496935,92300,0.01,0.0001,2.0
49.602567880036695,1023.0138404045181,92400,0.01,0.0001,2.0
49.61232984687159,1022.6201408930892,92500,0.01,0.0001,2.0
49.616714644402194,1022.880233832266,92600,0.01,0.0001,2.0
49.51962955932564,1024.1124344737545,92700,0.01,0.0001,2.0
49.51367260511677,1023.4458735595833,92800,0.01,0.0001,2.0
49.57495497527873,1023.0459059055963,92900,0.01,0.0001,2.0
49.58590885712894,1022.6957657975265,93000,0.01,0.0001,2.0
49.57363516421865,1023.415974740621,93100,0.01,0.0001,2.0
49.52434771409757,1023.8063055269326,93200,0.01,0.0001,2.0
49.629488046095595,1022.5718608787138,93300,0.01,0.0001,2.0
49.57039995011135,1021.9998670703764,93400,0.01,0.0001,2.0
49.59576348115258,1022.5784518592528,93500,0.01,0.0001,2.0
49.63251374454113,1021.9888790680673,93600,0.01,0.0001,2.0
49.620910866234745,1021.5011827241862,93700,0.01,0.0001,2.0
49.64903119663437,1021.0345239947449,93800,0.01,0.0001,2.0
49.64267659842579,1021.3608265979244,93900,0.01,0.0001,2.0
49.66657867622031,1020.8700671037925,94000,0.01,0.0001,2.0
49.631081106903004,1022.5771493981993,94100,0.01,0.0001,2.0
49.63886549476666,1022.6851475905185,94200,0.01,0.0001,2.0
49.66366307023041,1021.8051818455174,94300,0.01,0.0001,2.0
49.65837216426105,1022.2739053085487,94400,0.01,0.0001,2.0
49.54854189575228,1023.5872332036577,94500,0.01,0.0001,2.0
49.587068936884336,1023.3543105660144,94600,0.01,0.0001,2.0
49.603002876546505,1023.2011501271836,94700,0.01,0.0001,2.0
49.57194000541624,1023.6562287966467,94800,0.01,0.0001,2.0
49.51397338948259,1024.4592552032054,94900,0.01,0.0001,2.0
49.554466327146585,1023.7802482098582,95000,0.01,0.0001,2.0
49.656907402254,1023.0600300139006,95100,0.01,0.0001,2.0
49.740837013392145,1020.4778064778919,95200,0.01,0.0001,2.0
49.59438359397771,1021.8264371652181,95300,0.01,0.0001,2.0
49.624099935556885,1022.2857330248105,95400,0.01,0.0001,2.0
49.57655599992431,1023.4702811556054,95500,0.01,0.0001,2.0
49.558277565943655,1024.419961161876,95600,0.01,0.0001,2.0
49.5913062791889,1023.8980664338587,95700,0.01,0.0001,2.0
49.58541405164134,1023.7157083282245,95800,0.01,0.0001,2.0
49.510322943451236,1025.1746501581829,95900,0.01,0.0001,2.0
49.556210379862165,1024.8757159221907,96000,0.01,0.0001,2.0
49.56971750902676,1024.4636890390489,96100,0.01,0.0001,2.0
49.5587724377344,1024.7919343138597,96200,0.01,0.0001,2.0
49.53919169616334,1024.7535437694582,96300,0.01,0.0001,2.0
49.58231441062042,1024.3510057327537,96400,0.01,0.0001,2.0
49.53566383602845,1024.9176417750514,96500,0.01,0.0001,2.0
49.49845604118861,1026.1112606842578,96600,0.01,0.0001,2.0
49.49963954669492,1026.6071302676826,96700,0.01,0.0001,2.0
49.50796740566483,1026.615077769575,96800,0.01,0.0001,2.0
49.5800181477496,1025.640040480076,96900,0.01,0.0001,2.0
49.56525374630639,1025.8998532018236,97000,0.01,0.0001,2.0
49.54426101441765,1025.820098848895,97100,0.01,0.0001,2.0
49.4874766705203,1026.4449247696011,97200,0.01,0.0001,2.0
49.54329105124287,1027.0880808687361,97300,0.01,0.0001,2.0
49.502419294914745,1027.3661587422775,97400,0.01,0.0001,2.0
49.523746908040124,1027.0989879322512,97500,0.01,0.0001,2.0
49.52529856298474,1027.634990240607,97600,0.01,0.0001,2.0
49.468874203156034,1027.9043994644146,97700,0.01,0.0001,2.0
49.438884926167034,1027.705228349324,97800,0.01,0.0001,2.0
49.51236048398718,1026.90230199427,97900,0.01,0.0001,2.0
49.5481514441585,1026.294678008729,98000,0.01,0.0001,2.0
49.546973606615325,1027.3270360348054,98100,0.01,0.0001,2.0
49.456692108669856,1028.4162835668667,98200,0.01,0.0001,2.0
49.50470860187898,1027.5923763243397,98300,0.01,0.0001,2.0
49.465165073626274,1028.5803243624196,98400,0.01,0.0001,2.0
49.58040251111308,1027.407003914504,98500,0.01,0.0001,2.0
49.506512339750536,1027.2332005308845,98600,0.01,0.0001,2.0
49.5797984129144,1027.0327703938176,98700,0.01,0.0001,2.0
49.53008281016013,1027.1712703365538,98800,0.01,0.0001,2.0
49.535109311101934,1026.5623050424183,98900,0.01,0.0001,2.0
49.524965397046586,1025.6942999535668,99000,0.01,0.0001,2.0
49.51219445599532,1026.5838492647222,99100,0.01,0.0001,2.0
49.578005757639076,1025.9385483363158,99200,0.01,0.0001,2.0
49.478533570667324,1026.903282230005,99300,0.01,0.0001,2.0
49.47629336171537,1026.2433508691236,99400,0.01,0.0001,2.0
49.498451210300544,1026.4390391367417,99500,0.01,0.0001,2.0
49.55483373329348,1025.7671857577334,99600,0.01,0.0001,2.0
49.553976689895656,1025.7505653954775,99700,0.01,0.0001,2.0
49.50439484796736,1026.9263661074579,99800,0.01,0.0001,2.0
49.504478280686875,1026.633357739025,99900,0.01,0.0001,2.0
49.479840687506496,1026.9843918906104,100000,0.01,0.0001,2.0
